Uniq Id,Product Name,Brand Name,Asin,Category,Upc Ean Code,List Price,Selling Price,Quantity,Model Number,About Product,Product Specification,Technical Details,Shipping Weight,Product Dimensions,Image,Variants,Sku,Product Url,Stock,Product Details,Dimensions,Color,Ingredients,Direction To Use,Is Amazon Seller,Size Quantity Variant,Product Description,Rating,Review Snippets
74d9f6149b125affab1f3b8d14798b0b,"Steel-Safe Eco Stainless Steel Cleaner & Polish, 16 oz",GreenGleam,B0SAMPLE000,Health & Household | Household Supplies | Cleaning & Household | Metal Cleaners,,$ 15.99,$ 12.49,,GRE-000,"Make sure this fits by entering your model number. | Plant-based, biodegradable formula safe for kitchen appliances | Removes fingerprints, smudges, and water marks from stainless steel | Streak-free shine with a light lavender scent | Cruelty-free and phosphate-free",Material focus: stainless steel,,1.3 pounds,,https://images.example.com/B0SAMPLE000.jpg,,SKU-GREE-000,https://www.amazon.com/dp/B0SAMPLE000,Only 3 left in stock,,,,"Water, Caprylyl/Capryl Glucoside (plant-based surfactant), Citric Acid, Sodium Citrate, Coconut-derived cleansers, Lavender essential oil","Spray, wipe with a microfiber cloth, buff dry.",Y,16 Fl Oz,"Eco-friendly stainless steel cleaner. Plant-based, biodegradable formula safe for kitchen appliances Removes fingerprints, smudges, and water marks from stainless steel",4.6,"Best stainless cleaner I've used, no streaks || Smells great and cuts fingerprints instantly || Eco-friendly and actually works on my fridge"
c290f2c3fcf0554d94d625b7a77820d9,"Brushed Metal Miracle Stainless Cleaner Spray, 12 oz",PureHome,B0SAMPLE001,Health & Household | Household Supplies | Cleaning & Household | Metal Cleaners,,$ 13.49,$ 9.99,,PUR-001,Make sure this fits by entering your model number. | Eco-friendly stainless steel spray for appliances and sinks | Leaves a protective anti-smudge layer | No harsh ammonia or bleach | USDA BioPreferred formula,Material focus: stainless steel,,1.1 pounds,,https://images.example.com/B0SAMPLE001.jpg,,SKU-PURE-001,https://www.amazon.com/dp/B0SAMPLE001,In Stock,,,,"Water, Decyl Glucoside, Sodium Gluconate, Citric Acid, Plant-derived alcohol, Fragrance (natural)","Spray, wipe with a microfiber cloth, buff dry.",Y,12 Fl Oz,Eco-friendly stainless steel cleaner. Eco-friendly stainless steel spray for appliances and sinks Leaves a protective anti-smudge layer,4.4,Great value under $10 || Works but needs a second pass on heavy grime || Love that it's non-toxic around my kids
79270c8c173d555181a8e845b143d93c,"ProShine Stainless Steel Polish, Aerosol, 15 oz",ShineMaster,B0SAMPLE002,Health & Household | Household Supplies | Cleaning & Household | Metal Cleaners,,$ 18.99,$ 16.75,,SHI-002,Make sure this fits by entering your model number. | Professional-grade oil-based polish for a deep shine | Long-lasting fingerprint resistance | For commercial and home appliances,Material focus: stainless steel,,1.2 pounds,,https://images.example.com/B0SAMPLE002.jpg,,SKU-SHIN-002,https://www.amazon.com/dp/B0SAMPLE002,In Stock,,,,"Mineral oil, Aliphatic hydrocarbons, Silicone emulsion, Propellant","Spray, wipe with a microfiber cloth, buff dry.",Y,15 Fl Oz,stainless steel cleaner. Professional-grade oil-based polish for a deep shine Long-lasting fingerprint resistance,4.7,Restaurant-quality shine || A little greasy if you use too much || Best for heavy-duty commercial kitchens
3c261fc9479a5d98b0b819e4c501af05,"EcoBright Stainless & Chrome Cleaner Wipes, 30 ct",GreenGleam,B0SAMPLE003,Health & Household | Household Supplies | Cleaning & Household | Metal Cleaners,,$ 11.99,$ 8.49,,GRE-003,"Make sure this fits by entering your model number. | Compostable wipes made from bamboo fiber | Grab-and-go stainless steel cleaning | Streak-free, plant-based formula | Great for quick appliance touch-ups",Material focus: stainless steel,,0.8 pounds,,https://images.example.com/B0SAMPLE003.jpg,,SKU-GREE-003,https://www.amazon.com/dp/B0SAMPLE003,In Stock,,,,"Water, Coco-Glucoside, Citric Acid, Bamboo fiber cloth, Plant-based preservative","Spray, wipe with a microfiber cloth, buff dry.",Y,30 ct,Eco-friendly stainless steel cleaner. Compostable wipes made from bamboo fiber Grab-and-go stainless steel cleaning,4.3,Convenient and eco-friendly || Wipes dry out if you don't seal the lid || Perfect size for my stainless fridge
5897fa50458353b29524e36359606e00,"Sparkle Naturals Glass & Window Cleaner, 26 oz",Sparkle Naturals,B0SAMPLE004,Health & Household | Household Supplies | Cleaning & Household | Glass Cleaners,,$ 9.99,$ 6.99,,SPA-004,"Make sure this fits by entering your model number. | Ammonia-free streak-free glass cleaner | Plant-based and biodegradable | Safe for mirrors, windows, and glass cooktops",Material focus: glass,,1.9 pounds,,https://images.example.com/B0SAMPLE004.jpg,,SKU-SPAR-004,https://www.amazon.com/dp/B0SAMPLE004,In Stock,,,,"Water, Ethanol (plant-derived), Vinegar, Coco-Glucoside, Essential oil blend","Spray, wipe with a microfiber cloth, buff dry.",Y,26 Fl Oz,Eco-friendly glass cleaner. Ammonia-free streak-free glass cleaner Plant-based and biodegradable,4.5,Streak free on windows || Vinegar smell fades fast || Cheaper and greener than the blue stuff
81d9e4972e0f56cba9ced36f3875ad65,"CitrusForce All-Purpose Cleaner Concentrate, 32 oz",CitrusForce,B0SAMPLE005,Health & Household | Household Supplies | Cleaning & Household | All-Purpose Cleaners,,$ 14.99,$ 11.25,,CIT-005,Make sure this fits by entering your model number. | Makes up to 4 gallons when diluted | Plant-based degreaser for counters and floors | Biodegradable and septic-safe | Fresh orange scent,Material focus: multi-surface,,2.3 pounds,,https://images.example.com/B0SAMPLE005.jpg,,SKU-CITR-005,https://www.amazon.com/dp/B0SAMPLE005,In Stock,,,,"Water, Citrus terpenes, Sodium coco-sulfate, Citric acid, Orange essential oil","Spray, wipe with a microfiber cloth, buff dry.",Y,32 Fl Oz,Eco-friendly multi-surface cleaner. Makes up to 4 gallons when diluted Plant-based degreaser for counters and floors,4.6,A little goes a long way || Great degreaser for the stovetop || Concentrate saves money and plastic
94461c71456f50aca5a1b4c830da4596,"PowerClean Heavy-Duty Degreaser Spray, 24 oz",PowerClean,B0SAMPLE006,Health & Household | Household Supplies | Cleaning & Household | All-Purpose Cleaners,,$ 12.99,$ 10.49,,POW-006,Make sure this fits by entering your model number. | Industrial-strength degreaser for kitchens and garages | Cuts baked-on grease fast | Not for use on aluminum,Material focus: multi-surface,,1.8 pounds,,https://images.example.com/B0SAMPLE006.jpg,,SKU-POWE-006,https://www.amazon.com/dp/B0SAMPLE006,In Stock,,,,"Water, 2-Butoxyethanol, Sodium hydroxide, Nonionic surfactants, Fragrance","Spray, wipe with a microfiber cloth, buff dry.",Y,24 Fl Oz,multi-surface cleaner. Industrial-strength degreaser for kitchens and garages Cuts baked-on grease fast,4.2,"Powerful on oven grease || Strong smell, use gloves || Works when nothing else will"
3e1fecbc4d4d59e7a907f31debc3deb8,"Gentle Suds Plant-Based Dish Soap, 18 oz",Gentle Suds,B0SAMPLE007,Health & Household | Household Supplies | Cleaning & Household | Dish Soap,,$ 7.49,$ 5.49,,GEN-007,"Make sure this fits by entering your model number. | Ultra-concentrated plant-based dish soap | Tough on grease, gentle on hands | Free of dyes, parabens, and phosphates | Aloe-infused",Material focus: dishware,,1.4 pounds,,https://images.example.com/B0SAMPLE007.jpg,,SKU-GENT-007,https://www.amazon.com/dp/B0SAMPLE007,Only 3 left in stock,,,,"Water, Sodium lauroyl sarcosinate, Lauryl glucoside, Aloe, Sea salt, Fragrance (natural)","Spray, wipe with a microfiber cloth, buff dry.",Y,18 Fl Oz,"Eco-friendly dishware cleaner. Ultra-concentrated plant-based dish soap Tough on grease, gentle on hands",4.7,Cuts grease and doesn't dry my hands || Nice light scent || Small bottle but very concentrated
60b7b4b3e6c050afa7a3926dc4185392,"Bubble Rush Antibacterial Dish Liquid, 28 oz",Bubble Rush,B0SAMPLE008,Health & Household | Household Supplies | Cleaning & Household | Dish Soap,,$ 6.99,$ 4.99,,BUB-008,Make sure this fits by entering your model number. | Long-lasting suds for tough loads | Antibacterial hand-wash formula | Fresh spring scent,Material focus: dishware,,2.0 pounds,,https://images.example.com/B0SAMPLE008.jpg,,SKU-BUBB-008,https://www.amazon.com/dp/B0SAMPLE008,In Stock,,,,"Water, Sodium laureth sulfate, Lauramine oxide, Fragrance, Benzisothiazolinone, Blue 1","Spray, wipe with a microfiber cloth, buff dry.",Y,28 oz,dishware cleaner. Long-lasting suds for tough loads Antibacterial hand-wash formula,4.1,"Lots of bubbles || Contains dyes, wish it didn't || Cheap and does the job"
6fa95ffabe065c7c818290c50875f76b,"FreshBath Eco Bathroom & Tile Cleaner, 24 oz",FreshBath,B0SAMPLE009,Health & Household | Household Supplies | Cleaning & Household | Bathroom Cleaners,,$ 10.99,$ 8.99,,FRE-009,"Make sure this fits by entering your model number. | Plant-based bathroom cleaner for tile, tubs, and sinks | Dissolves soap scum and hard-water stains | Bleach-free and biodegradable | Eucalyptus-mint scent",Material focus: tile and porcelain,,1.8 pounds,,https://images.example.com/B0SAMPLE009.jpg,,SKU-FRES-009,https://www.amazon.com/dp/B0SAMPLE009,In Stock,,,,"Water, Lactic acid, Caprylyl glucoside, Citric acid, Eucalyptus oil","Spray, wipe with a microfiber cloth, buff dry.",Y,24 Fl Oz,"Eco-friendly tile and porcelain cleaner. Plant-based bathroom cleaner for tile, tubs, and sinks Dissolves soap scum and hard-water stains",4.4,Soap scum gone without bleach fumes || Needs a minute of dwell time || Smells like a spa
e9031726b4f456eaa9cfd92cf7d834cf,"ScrubPro Bleach Bathroom Foam, 20 oz",ScrubPro,B0SAMPLE010,Health & Household | Household Supplies | Cleaning & Household | Bathroom Cleaners,,$ 8.49,$ 6.29,,SCR-010,Make sure this fits by entering your model number. | Clinging foam kills 99.9% of germs | Whitens grout and removes mold stains | Not safe for natural stone,Material focus: tile and porcelain,,1.6 pounds,,https://images.example.com/B0SAMPLE010.jpg,,SKU-SCRU-010,https://www.amazon.com/dp/B0SAMPLE010,In Stock,,,,"Water, Sodium hypochlorite, Sodium hydroxide, Surfactants, Fragrance","Spray, wipe with a microfiber cloth, buff dry.",Y,20 Fl Oz,tile and porcelain cleaner. Clinging foam kills 99.9% of germs Whitens grout and removes mold stains,4.3,"Blasts mildew || Ventilate the room, strong bleach || Grout looks new"
5a358096082753e6982f707bd4927a7a,"WoodLove Natural Wood Floor & Furniture Cleaner, 32 oz",WoodLove,B0SAMPLE011,Health & Household | Household Supplies | Cleaning & Household | Wood Cleaners,,$ 13.99,$ 12.99,,WOO-011,"Make sure this fits by entering your model number. | pH-balanced for sealed hardwood and furniture | Nourishes wood with jojoba and beeswax | Streak-free, residue-free | Plant-based and pet-safe",Material focus: wood,,2.3 pounds,,https://images.example.com/B0SAMPLE011.jpg,,SKU-WOOD-011,https://www.amazon.com/dp/B0SAMPLE011,In Stock,,,,"Water, Plant-derived soap, Jojoba oil, Beeswax emulsion, Orange oil","Spray, wipe with a microfiber cloth, buff dry.",Y,32 Fl Oz,Eco-friendly wood cleaner. pH-balanced for sealed hardwood and furniture Nourishes wood with jojoba and beeswax,4.6,Floors smell amazing and shine || Not for unsealed wood || Safe around my dog
064603b6e471565e9702678809f473cf,"EverGreen Stainless Steel Wipes Refill, 40 ct",EverGreen,B0SAMPLE012,Health & Household | Household Supplies | Cleaning & Household | Metal Cleaners,,$ 14.49,$ 13.49,,EVE-012,"Make sure this fits by entering your model number. | 40-count refillable stainless steel wipes | Removes grease and fingerprints | Biodegradable cloth, recyclable tub | Light rosemary scent",Material focus: stainless steel,,0.9 pounds,,https://images.example.com/B0SAMPLE012.jpg,,SKU-EVER-012,https://www.amazon.com/dp/B0SAMPLE012,In Stock,,,,"Water, Lauryl glucoside, Citric acid, Plant fiber cloth, Rosemary extract","Spray, wipe with a microfiber cloth, buff dry.",Y,40 ct,Eco-friendly stainless steel cleaner. 40-count refillable stainless steel wipes Removes grease and fingerprints,4.5,"Refill saves plastic || Slightly wet, let appliance dry || Great for daily fridge wipe-downs"
a8f2d9a159835e479fdc33feac181631,"MegaShine Chrome & Stainless Spray, 22 oz",MegaShine,B0SAMPLE013,Health & Household | Household Supplies | Cleaning & Household | Metal Cleaners,,$ 16.99,$ 14.99,,MEG-013,"Make sure this fits by entering your model number. | Fast-drying stainless and chrome spray | Anti-static fingerprint guard | For fixtures, appliances, and cars",Material focus: stainless steel,,1.7 pounds,,https://images.example.com/B0SAMPLE013.jpg,,SKU-MEGA-013,https://www.amazon.com/dp/B0SAMPLE013,In Stock,,,,"Water, Isopropyl alcohol, Silicone, Ammonia-free surfactants, Fragrance","Spray, wipe with a microfiber cloth, buff dry.",Y,22 Fl Oz,stainless steel cleaner. Fast-drying stainless and chrome spray Anti-static fingerprint guard,4.4,"Dries fast and shines || Contains silicone, buff well || Good for both kitchen and car"
401d29059cd251fbbec9e6a92532320e,"Meadow Fresh Laundry Detergent Pods, 42 ct",Meadow Fresh,B0SAMPLE014,Health & Household | Household Supplies | Cleaning & Household | Laundry,,$ 18.99,$ 15.99,,MEA-014,Make sure this fits by entering your model number. | Concentrated plant-based laundry pods | Dissolves fully in cold water | Free of dyes and optical brighteners | 42 loads,Material focus: fabric,,2.9 pounds,,https://images.example.com/B0SAMPLE014.jpg,,SKU-MEAD-014,https://www.amazon.com/dp/B0SAMPLE014,Only 3 left in stock,,,,"Sodium carbonate, Plant-based enzymes, Coconut surfactants, Essential oils, PVA film","Spray, wipe with a microfiber cloth, buff dry.",Y,42 ct,Eco-friendly fabric cleaner. Concentrated plant-based laundry pods Dissolves fully in cold water,4.5,"Clean clothes, small footprint || PVA film debate aside, works great || No perfume residue"
2e4f50c2f934529e933a73d8110a6984,"ClearView Streak-Free Glass Wipes, 35 ct",ClearView,B0SAMPLE015,Health & Household | Household Supplies | Cleaning & Household | Glass Cleaners,,$ 7.99,$ 5.99,,CLE-015,"Make sure this fits by entering your model number. | Pre-moistened glass and mirror wipes | Streak-free shine on the go | For windows, mirrors, and screens",Material focus: glass,,0.7 pounds,,https://images.example.com/B0SAMPLE015.jpg,,SKU-CLEA-015,https://www.amazon.com/dp/B0SAMPLE015,In Stock,,,,"Water, Isopropyl alcohol, Ammonia, Nonionic surfactants, Fragrance","Spray, wipe with a microfiber cloth, buff dry.",Y,35 ct,glass cleaner. Pre-moistened glass and mirror wipes Streak-free shine on the go,4.2,Handy for mirrors || Ammonia smell is strong || Streak free if you buff
f941350a11cf53d5b4f163baee52269f,"PureHome Multi-Surface Eco Spray, 28 oz",PureHome,B0SAMPLE016,Health & Household | Household Supplies | Cleaning & Household | All-Purpose Cleaners,,$ 11.49,$ 9.49,,PUR-016,"Make sure this fits by entering your model number. | Everyday plant-based multi-surface spray | Safe for sealed counters, glass, and stainless | Biodegradable, phosphate-free | Thyme-citrus scent",Material focus: multi-surface,,2.0 pounds,,https://images.example.com/B0SAMPLE016.jpg,,SKU-PURE-016,https://www.amazon.com/dp/B0SAMPLE016,In Stock,,,,"Water, Decyl glucoside, Sodium citrate, Lactic acid, Thyme essential oil","Spray, wipe with a microfiber cloth, buff dry.",Y,28 Fl Oz,"Eco-friendly multi-surface cleaner. Everyday plant-based multi-surface spray Safe for sealed counters, glass, and stainless",4.6,My go-to for the whole kitchen || Works on stainless too || Non-toxic and effective
1c1164d9f1625be185bd4189f4eaf2c7,"ToughGuy Oven & Grill Cleaner, 19 oz",ToughGuy,B0SAMPLE017,Health & Household | Household Supplies | Cleaning & Household | All-Purpose Cleaners,,$ 9.99,$ 7.99,,TOU-017,Make sure this fits by entering your model number. | Heavy-duty foaming oven and grill cleaner | Removes carbonized grease | Fume-reduced formula,Material focus: enamel and metal,,1.5 pounds,,https://images.example.com/B0SAMPLE017.jpg,,SKU-TOUG-017,https://www.amazon.com/dp/B0SAMPLE017,In Stock,,,,"Water, Sodium hydroxide, Butoxyethanol, Foaming agents","Spray, wipe with a microfiber cloth, buff dry.",Y,19 Fl Oz,enamel and metal cleaner. Heavy-duty foaming oven and grill cleaner Removes carbonized grease,4.3,"Melts oven gunk || Wear gloves, caustic || Grill looks brand new"
b5bc95c5d69c5de186be4a4ef1a98ed1,"NatureNest Stainless Steel Cleaner, 8 oz travel",NatureNest,B0SAMPLE018,Health & Household | Household Supplies | Cleaning & Household | Metal Cleaners,,$ 8.99,$ 6.49,,NAT-018,"Make sure this fits by entering your model number. | Compact eco stainless steel cleaner | Plant-based, streak-free | TSA-friendly travel size | Peppermint scent",Material focus: stainless steel,,0.8 pounds,,https://images.example.com/B0SAMPLE018.jpg,,SKU-NATU-018,https://www.amazon.com/dp/B0SAMPLE018,In Stock,,,,"Water, Coco-glucoside, Citric acid, Sodium gluconate, Peppermint oil","Spray, wipe with a microfiber cloth, buff dry.",Y,8 Fl Oz,"Eco-friendly stainless steel cleaner. Compact eco stainless steel cleaner Plant-based, streak-free",4.4,Perfect travel size || Wish it came bigger || Great for RV stainless
152e9124b5c35d3892ccde2732962c90,"HydroClean Steam Mop Floor Solution, 33 oz",HydroClean,B0SAMPLE019,Health & Household | Household Supplies | Cleaning & Household | Floor Care,,$ 12.49,$ 10.99,,HYD-019,"Make sure this fits by entering your model number. | Streak-free floor solution for steam and spray mops | Plant-based and residue-free | Safe for sealed hardwood, tile, and laminate",Material focus: sealed floors,,2.4 pounds,,https://images.example.com/B0SAMPLE019.jpg,,SKU-HYDR-019,https://www.amazon.com/dp/B0SAMPLE019,In Stock,,,,"Water, Plant-based surfactants, Sodium citrate, Lemongrass oil","Spray, wipe with a microfiber cloth, buff dry.",Y,33 Fl Oz,Eco-friendly sealed floors cleaner. Streak-free floor solution for steam and spray mops Plant-based and residue-free,4.5,No residue on tile || Lemongrass smell is lovely || Works in my spray mop
235c5a1d4cd25ef28174ed90fd3707bc,"BrightWhite Grout & Tile Pen Cleaner, 5 oz",BrightWhite,B0SAMPLE020,Health & Household | Household Supplies | Cleaning & Household | Bathroom Cleaners,,$ 6.49,$ 4.49,,BRI-020,Make sure this fits by entering your model number. | Restores white grout lines | Precision applicator tip | Waterproof once dry,Material focus: grout,,0.6 pounds,,https://images.example.com/B0SAMPLE020.jpg,,SKU-BRIG-020,https://www.amazon.com/dp/B0SAMPLE020,In Stock,,,,"Water, Calcium carbonate, Titanium dioxide, Acrylic polymer","Spray, wipe with a microfiber cloth, buff dry.",Y,5 Fl Oz,grout cleaner. Restores white grout lines Precision applicator tip,4.0,Grout looks new || Tedious on big areas || Cheap fix for stained grout
87cd6c247ac4505db69941012e628f1a,"GreenGleam Cooktop & Glass Stove Cream, 10 oz",GreenGleam,B0SAMPLE021,Health & Household | Household Supplies | Cleaning & Household | Glass Cleaners,,$ 12.99,$ 10.49,,GRE-021,"Make sure this fits by entering your model number. | Non-scratch cream for glass and ceramic cooktops | Removes burnt-on residue | Plant-based, leaves protective shine",Material focus: glass ceramic,,0.9 pounds,,https://images.example.com/B0SAMPLE021.jpg,,SKU-GREE-021,https://www.amazon.com/dp/B0SAMPLE021,Only 3 left in stock,,,,"Water, Calcium carbonate (mild abrasive), Coco-glucoside, Citric acid, Lavender oil","Spray, wipe with a microfiber cloth, buff dry.",Y,10 Fl Oz,Eco-friendly glass ceramic cleaner. Non-scratch cream for glass and ceramic cooktops Removes burnt-on residue,4.6,"Burnt milk wiped right off || Buff after for best shine || Best cooktop cleaner, eco too"
05c7544341c359849fe807a87bd7aa04,"SprayJoy Lemon All-Purpose Cleaner, 32 oz",SprayJoy,B0SAMPLE022,Health & Household | Household Supplies | Cleaning & Household | All-Purpose Cleaners,,$ 5.99,$ 3.99,,SPR-022,"Make sure this fits by entering your model number. | Budget everyday cleaner | Fresh lemon scent | For counters, floors, and appliances",Material focus: multi-surface,,2.3 pounds,,https://images.example.com/B0SAMPLE022.jpg,,SKU-SPRA-022,https://www.amazon.com/dp/B0SAMPLE022,In Stock,,,,"Water, Alkyl polyglucoside, Sodium carbonate, Lemon fragrance, Preservative","Spray, wipe with a microfiber cloth, buff dry.",Y,32 Fl Oz,multi-surface cleaner. Budget everyday cleaner Fresh lemon scent,4.1,Cheap and cheerful || Not the greenest but works || Big bottle for the price
a126c1a0dd3b521f92c0d59e12afa6f3,"AquaPure Eco Toilet Bowl Cleaner Gel, 24 oz",AquaPure,B0SAMPLE023,Health & Household | Household Supplies | Cleaning & Household | Bathroom Cleaners,,$ 8.99,$ 6.99,,AQU-023,"Make sure this fits by entering your model number. | Plant-based toilet bowl gel | Clings to remove stains and hard water | Bleach-free, septic-safe | Tea tree scent",Material focus: porcelain,,1.8 pounds,,https://images.example.com/B0SAMPLE023.jpg,,SKU-AQUA-023,https://www.amazon.com/dp/B0SAMPLE023,In Stock,,,,"Water, Citric acid, Caprylyl glucoside, Xanthan gum, Tea tree oil","Spray, wipe with a microfiber cloth, buff dry.",Y,24 Fl Oz,Eco-friendly porcelain cleaner. Plant-based toilet bowl gel Clings to remove stains and hard water,4.4,No bleach fumes and clean bowl || Squeeze bottle could be bigger || Septic-safe and effective
